model_id,checked_on,metadata_source,doi_title_match,authors_venue_year_checked,equations_inspected,implementation_license_checked,notes
hodgkin_huxley_1952,2026-07-23,Crossref; PubMed; PMC,yes,yes,yes,no,Source locators and transcription received a maintainer second pass; no independent checker is documented.
izhikevich_2003,2026-07-23,Crossref; author publication page,yes,yes,yes,no,Source locators and transcription received a maintainer second pass; author demonstration license remains unclear.
de_pitta_2009_gchi,2026-07-23,Crossref; arXiv,yes,yes,yes,no,Source locators and transcription received a maintainer second pass; no independent checker is documented.
postnov_2009_neuron_astrocyte,2026-07-23,Crossref,yes,yes,no,no,Recorded as mixed neuron-glia; equation audit remains pending.
amato_arnold_2025_microglia,2026-07-23,Crossref,yes,yes,no,no,Full-text equation audit remains pending.
nikolov_2022_oligodendrocyte,2026-07-23,Crossref,yes,yes,no,no,Differentiation model is not represented as a complete myelination model.
wilson_cowan_1972,2026-07-23,PubMed; PMC; publisher DOI record,yes,yes,yes,no,Primary article p. 8 equations (7)-(8) were transcribed; a second pass remains pending.
potjans_diesmann_2014,2026-08-28,Crossref; PubMed; PMC open-access record,yes,yes,yes,no,Equations (1)-(13) with unnumbered displays and the Table 4 neuron/synapse equations transcribed from the PMC open-access full text; missing comparison operators in the PMC-rendered Table 4 images flagged.
montbrio_pazo_roxin_2015,2026-07-23,arXiv; publisher DOI record,yes,yes,yes,no,ArXiv v1 Section II.B equations (12a)-(12b) were transcribed; a second pass remains pending.
wong_wang_2006,2026-08-25,Crossref; PubMed; PMC full text (PMC6674568),yes,yes,yes,no,"Equations (1)-(22) with unnumbered reduction, noise, stimulus, and appendix displays transcribed from the PMC full-text equation images; transcription second pass and license audit remain pending."
morris_lecar_1981,2026-08-25,Crossref; PubMed; PMC scanned full text (PMC1327511),yes,yes,yes,no,Equations (1)-(17) with unnumbered reduced-system displays transcribed from the PMC scanned-page images; transcription second pass and license audit remain pending.
brette_gerstner_2005_adex,2026-08-25,Crossref; PubMed; course-hosted full-text PDF,yes,yes,yes,no,Equations (1)-(3) with the Table 1 conductance-based form and reset rule transcribed from the rendered PDF pages; transcription second pass and license audit remain pending.
tsodyks_markram_1998_stp,2026-08-28,Crossref; PubMed; publisher record,yes,yes,yes,no,Equations (2.1)-(4.5) and (A.1)-(A.4) transcribed from the published-article PDF; printed y-index asymmetry in equation (4.1) flagged in the interpretation.
brunel_2000_ei_network,2026-08-28,Crossref; PubMed; Springer article record,yes,yes,yes,no,Equations (1)-(66) and the unnumbered displays transcribed from the Springer open-archive full-text PDF; printed slips flagged in the equation page interpretation.
hopfield_1982,2026-08-24,Crossref; PubMed; PMC346238 scan copy,yes,yes,yes,no,Equations [1]-[8] transcribed from the PNAS scan with rendered page verification; transcription second pass and license audit remain pending.
wang_buzsaki_1996_gamma,2026-08-24,Crossref; PubMed; author-hosted PDF (cns.nyu.edu),yes,yes,yes,no,Equations (2.1)-(2.4) with rate expressions transcribed from the author-hosted PDF; transcription second pass and license audit remain pending.
li_rinzel_1994,2026-07-23,Crossref; PubMed or publisher metadata,yes,yes,no,no,Bibliographic identity verified; equation and license audits remain pending.
mrg_2002_myelinated_axon,2026-08-28,Crossref; PubMed; publisher record,yes,yes,yes,no,All appendix current and rate displays transcribed from the open-archive published PDF; printed negative denominators in the slow potassium exponents flagged as algebraically equivalent.
jirsa_2014_epileptor,2026-07-23,Crossref; PubMed or publisher metadata,yes,yes,no,no,Bibliographic identity verified; equation and license audits remain pending.
polykretis_2018_neural_astrocytic_network,2026-07-23,Crossref; arXiv,yes,yes,yes,no,"Exact source locations were inspected, but equations were not transcribed."
halnes_2013_electrodiffusive_astrocyte,2026-07-23,Crossref; PubMed; PMC; arXiv,yes,yes,yes,no,"Exact source locations were inspected, but equations were not transcribed."
neuron_astrocyte_associative_memory_2025,2026-07-23,Crossref; PNAS,yes,yes,no,no,Bibliographic identity verified; equation and license audits remain pending.
astrocyte_place_cell_formation_2022,2026-07-23,Crossref; PMC,yes,yes,no,no,Bibliographic identity verified; equation and license audits remain pending.
polykretis_astrocytic_microdomain,2026-07-23,Crossref; author publication page,yes,yes,no,no,Bibliographic identity verified; equation and license audits remain pending.
sequence_learning_neuronal_astrocytic_network,2026-07-23,Crossref; arXiv,yes,yes,no,no,Bibliographic identity verified; equation and license audits remain pending.
