equation_id,model_id,equation_page,equation_label,source_locator,equation_verification_source,equation_transcription_type,verification_status,last_verified,checker_name,check_date,check_method,source_identifier,source_version,source_access_date,discrepancies_found,discrepancy_resolution,checker_role,frozen_commit_sha,resolution_date
hh1952_membrane_balance,hodgkin_huxley_1952,equations/models/hodgkin_huxley_1952.md,membrane current balance,pp. 518-519 equation (26),publisher article PDF; Physiome record 0155,exact_verified_transcription,second_pass_checked,2026-07-23,,,,,PMC1392413 scan and Physiome record 0155,2026-07-23,not_verified,,,,
hh1952_gating_kinetics,hodgkin_huxley_1952,equations/models/hodgkin_huxley_1952.md,generic gate kinetics,pp. 507 and 518-519 equations (7) (15) (16),publisher article PDF; Physiome record 0155,exact_verified_transcription,second_pass_checked,2026-07-23,,,,,PMC1392413 scan and Physiome record 0155,2026-07-23,not_verified,,,,
izh2003_voltage,izhikevich_2003,equations/models/izhikevich_2003.md,voltage equation,p. 1569 equation (1),author-hosted full paper PDF,exact_verified_transcription,second_pass_checked,2026-07-23,,,,,author-hosted publication PDF,2026-07-23,not_verified,,,,
izh2003_recovery,izhikevich_2003,equations/models/izhikevich_2003.md,recovery equation,p. 1569 equation (2),author-hosted full paper PDF,exact_verified_transcription,second_pass_checked,2026-07-23,,,,,author-hosted publication PDF,2026-07-23,not_verified,,,,
izh2003_reset,izhikevich_2003,equations/models/izhikevich_2003.md,after-spike reset,p. 1569 equation (3),author-hosted full paper PDF,exact_verified_transcription,second_pass_checked,2026-07-23,,,,,author-hosted publication PDF,2026-07-23,not_verified,,,,
gchi2009_calcium,de_pitta_2009_gchi,equations/models/de_pitta_2009_gchi.md,calcium balance,preprint p. 8 equation (5),author-posted arXiv preprint,equivalent_notation_with_mapping,second_pass_checked,2026-07-23,,,,,arXiv:0912.3057v1,2026-07-23,not_verified,,,,
gchi2009_gate,de_pitta_2009_gchi,equations/models/de_pitta_2009_gchi.md,IP3 receptor gate,preprint p. 8 equation (6),author-posted arXiv preprint,equivalent_notation_with_mapping,second_pass_checked,2026-07-23,,,,,arXiv:0912.3057v1,2026-07-23,not_verified,,,,
gchi2009_ip3,de_pitta_2009_gchi,equations/models/de_pitta_2009_gchi.md,IP3 balance,preprint p. 18 equation (20),author-posted arXiv preprint,equivalent_notation_with_mapping,second_pass_checked,2026-07-23,,,,,arXiv:0912.3057v1,2026-07-23,not_verified,,,,
wc1972_excitatory_activity,wilson_cowan_1972,equations/models/wilson_cowan_1972.md,coarse-grained excitatory population activity,"article p. 8, equation (7)",PMC1484078 page scan,equivalent_notation_with_mapping,equation_transcribed,2026-07-23,,,,,PMC1484078 page scan,2026-07-23,not_verified,,,,
wc1972_inhibitory_activity,wilson_cowan_1972,equations/models/wilson_cowan_1972.md,coarse-grained inhibitory population activity,"article p. 8, equation (8)",PMC1484078 page scan,equivalent_notation_with_mapping,equation_transcribed,2026-07-23,,,,,PMC1484078 page scan,2026-07-23,not_verified,,,,
mpr2015_firing_rate,montbrio_pazo_roxin_2015,equations/models/montbrio_pazo_roxin_2015.md,macroscopic firing-rate equation,"arXiv:1506.06581v1, Section II.B, equation (12a)",author-submitted arXiv v1,exact_verified_transcription,equation_transcribed,2026-07-23,,,,,arXiv:1506.06581v1,2026-07-23,not_verified,,,,
mpr2015_mean_voltage,montbrio_pazo_roxin_2015,equations/models/montbrio_pazo_roxin_2015.md,mean membrane-potential equation,"arXiv:1506.06581v1, Section II.B, equation (12b)",author-submitted arXiv v1,exact_verified_transcription,equation_transcribed,2026-07-23,,,,,arXiv:1506.06581v1,2026-07-23,not_verified,,,,
polykretis2018_ip3,polykretis_2018_neural_astrocytic_network,equations/models/polykretis_2018_neural_astrocytic_network.md,IP3 production and degradation,"arXiv:1807.02514v1, Methods, equation (1)",author-submitted arXiv v1 PDF; rendered page image and text extraction,exact_verified_transcription,equation_transcribed,2026-08-24,,,,arXiv:1807.02514,v1,2026-08-24,not_applicable,,,,
polykretis2018_calcium_balance,polykretis_2018_neural_astrocytic_network,equations/models/polykretis_2018_neural_astrocytic_network.md,ER-free calcium balance,"arXiv:1807.02514v1, Methods, equation (2)",author-submitted arXiv v1 PDF; rendered page image and text extraction,exact_verified_transcription,equation_transcribed,2026-08-24,,,,arXiv:1807.02514,v1,2026-08-24,not_applicable,,,,
polykretis2018_er_calcium,polykretis_2018_neural_astrocytic_network,equations/models/polykretis_2018_neural_astrocytic_network.md,ER calcium and gating,"arXiv:1807.02514v1, Methods, equations (3)-(4)",author-submitted arXiv v1 PDF; rendered page image and text extraction,exact_verified_transcription,equation_transcribed,2026-08-24,,,,arXiv:1807.02514,v1,2026-08-24,not_applicable,,,,
polykretis2018_ryr,polykretis_2018_neural_astrocytic_network,equations/models/polykretis_2018_neural_astrocytic_network.md,ryanodine-receptor calcium release,"arXiv:1807.02514v1, Methods, equation (5)",author-submitted arXiv v1 PDF; rendered page image and text extraction,exact_verified_transcription,equation_transcribed,2026-08-24,,,,arXiv:1807.02514,v1,2026-08-24,not_applicable,,,,
polykretis2018_astro_output,polykretis_2018_neural_astrocytic_network,equations/models/polykretis_2018_neural_astrocytic_network.md,calcium-triggered astrocytic output,"arXiv:1807.02514v1, Methods, equations (6)-(7)",author-submitted arXiv v1 PDF; rendered page image and text extraction,exact_verified_transcription,equation_transcribed,2026-08-24,,,,arXiv:1807.02514,v1,2026-08-24,not_applicable,,,,
polykretis2018_sic,polykretis_2018_neural_astrocytic_network,equations/models/polykretis_2018_neural_astrocytic_network.md,slow inward current,"arXiv:1807.02514v1, Methods, equation (8)",author-submitted arXiv v1 PDF; rendered page image and text extraction,exact_verified_transcription,equation_transcribed,2026-08-24,,,,arXiv:1807.02514,v1,2026-08-24,not_applicable,,,,
polykretis2018_total_current,polykretis_2018_neural_astrocytic_network,equations/models/polykretis_2018_neural_astrocytic_network.md,total neuronal input current,"arXiv:1807.02514v1, Methods, equation (9)",author-submitted arXiv v1 PDF; rendered page image and text extraction,exact_verified_transcription,equation_transcribed,2026-08-24,,,,arXiv:1807.02514,v1,2026-08-24,not_applicable,,,,
halnes2013_conservation,halnes_2013_electrodiffusive_astrocyte,equations/models/halnes_2013_electrodiffusive_astrocyte.md,segment particle conservation,"Model section, Electrodiffusive formalism, equation (1)",author-submitted arXiv LaTeX source,exact_verified_transcription,equation_transcribed,2026-08-24,,,,arXiv:1304.7782,v2,2026-08-24,not_applicable,,,,
halnes2013_nernst_planck,halnes_2013_electrodiffusive_astrocyte,equations/models/halnes_2013_electrodiffusive_astrocyte.md,generalized Nernst-Planck axial flux,"Model section, Electrodiffusive formalism, equation (4)",author-submitted arXiv LaTeX source,exact_verified_transcription,equation_transcribed,2026-08-24,,,,arXiv:1304.7782,v2,2026-08-24,not_applicable,,,,
halnes2013_membrane_flux,halnes_2013_electrodiffusive_astrocyte,equations/models/halnes_2013_electrodiffusive_astrocyte.md,general membrane-mechanism flux closure,"Model section, Electrodiffusive formalism, equation (5)",author-submitted arXiv LaTeX source,exact_verified_transcription,equation_transcribed,2026-08-24,,,,arXiv:1304.7782,v2,2026-08-24,not_applicable,,,,
halnes2013_boundary,halnes_2013_electrodiffusive_astrocyte,equations/models/halnes_2013_electrodiffusive_astrocyte.md,sealed-end boundary conditions,"Model section, Electrodiffusive formalism, equation (6)",author-submitted arXiv LaTeX source,exact_verified_transcription,equation_transcribed,2026-08-24,,,,arXiv:1304.7782,v2,2026-08-24,not_applicable,,,,
halnes2013_continuity_I,halnes_2013_electrodiffusive_astrocyte,equations/models/halnes_2013_electrodiffusive_astrocyte.md,"continuity equation, intracellular domain","Model section, Electrodiffusive formalism, equation (2)",author-submitted arXiv LaTeX source,exact_verified_transcription,equation_transcribed,2026-08-24,,,,arXiv:1304.7782,v2,2026-08-24,not_verified,,,,
halnes2013_continuity_E,halnes_2013_electrodiffusive_astrocyte,equations/models/halnes_2013_electrodiffusive_astrocyte.md,"continuity equation, extracellular domain","Model section, Electrodiffusive formalism, equation (3)",author-submitted arXiv LaTeX source,exact_verified_transcription,equation_transcribed,2026-08-24,,,,arXiv:1304.7782,v2,2026-08-24,not_verified,,,,
hopfield1982_update_rule,hopfield_1982,equations/models/hopfield_1982.md,asynchronous threshold update rule,"p. 2555, equation [1]",PNAS scan PDF with text layer; rendered page images inspected,exact_verified_transcription,equation_transcribed,2026-08-24,,,,PNAS 79:2554-2558 scan (PMC346238 copy),1982-04,2026-08-24,not_verified,,,,
hopfield1982_storage_prescription,hopfield_1982,equations/models/hopfield_1982.md,Hebbian storage prescription,"p. 2555, equation [2]",PNAS scan PDF with text layer; rendered page images inspected,exact_verified_transcription,equation_transcribed,2026-08-24,,,,PNAS 79:2554-2558 scan (PMC346238 copy),1982-04,2026-08-24,not_verified,,,,
hopfield1982_effective_field,hopfield_1982,equations/models/hopfield_1982.md,effective-field decomposition,"p. 2555, equation [3]",PNAS scan PDF with text layer; rendered page images inspected,exact_verified_transcription,equation_transcribed,2026-08-24,,,,PNAS 79:2554-2558 scan (PMC346238 copy),1982-04,2026-08-24,not_verified,,,,
hopfield1982_pseudoorthogonality,hopfield_1982,equations/models/hopfield_1982.md,pseudo-orthogonality of stored states,"p. 2555, equation [4]",PNAS scan PDF with text layer; rendered page images inspected,exact_verified_transcription,equation_transcribed,2026-08-24,,,,PNAS 79:2554-2558 scan (PMC346238 copy),1982-04,2026-08-24,not_verified,,,,
hopfield1982_input_signal,hopfield_1982,equations/models/hopfield_1982.md,synaptic input signal to a cell,"p. 2555, equation [5]",PNAS scan PDF with text layer; rendered page images inspected,exact_verified_transcription,equation_transcribed,2026-08-24,,,,PNAS 79:2554-2558 scan (PMC346238 copy),1982-04,2026-08-24,not_verified,,,,
hopfield1982_hebbian_modification,hopfield_1982,equations/models/hopfield_1982.md,general Hebbian synapse modification,"p. 2556, equation [6]",PNAS scan PDF with text layer; rendered page images inspected,exact_verified_transcription,equation_transcribed,2026-08-24,,,,PNAS 79:2554-2558 scan (PMC346238 copy),1982-04,2026-08-24,not_verified,,,,
hopfield1982_energy,hopfield_1982,equations/models/hopfield_1982.md,energy function for symmetric couplings,"p. 2556, equation [7]",PNAS scan PDF with text layer; rendered page images inspected,exact_verified_transcription,equation_transcribed,2026-08-24,,,,PNAS 79:2554-2558 scan (PMC346238 copy),1982-04,2026-08-24,not_verified,,,,
hopfield1982_energy_change,hopfield_1982,equations/models/hopfield_1982.md,energy change from a single-neuron update,"p. 2556, equation [8]",PNAS scan PDF with text layer; rendered page images inspected,exact_verified_transcription,equation_transcribed,2026-08-24,,,,PNAS 79:2554-2558 scan (PMC346238 copy),1982-04,2026-08-24,not_verified,,,,
wb1996_current_balance,wang_buzsaki_1996_gamma,equations/models/wang_buzsaki_1996_gamma.md,single-compartment current balance,"Methods, equation (2.1)",author-hosted full text PDF (X.-J. Wang lab page),exact_verified_transcription,equation_transcribed,2026-08-24,,,,cns.nyu.edu wanglab publication PDF,1996-10-15,2026-08-24,not_verified,,,,
wb1996_sodium_current,wang_buzsaki_1996_gamma,equations/models/wang_buzsaki_1996_gamma.md,sodium current with instantaneous activation and rate expressions,"Methods, sodium current paragraph",author-hosted full text PDF (X.-J. Wang lab page),exact_verified_transcription,equation_transcribed,2026-08-24,,,,cns.nyu.edu wanglab publication PDF,1996-10-15,2026-08-24,not_verified,,,,
wb1996_h_kinetics,wang_buzsaki_1996_gamma,equations/models/wang_buzsaki_1996_gamma.md,sodium inactivation kinetics with rate expressions,"Methods, equation (2.2)",author-hosted full text PDF (X.-J. Wang lab page),exact_verified_transcription,equation_transcribed,2026-08-24,,,,cns.nyu.edu wanglab publication PDF,1996-10-15,2026-08-24,not_verified,,,,
wb1996_potassium_current,wang_buzsaki_1996_gamma,equations/models/wang_buzsaki_1996_gamma.md,potassium current and activation kinetics with rate expressions,"Methods, equation (2.3)",author-hosted full text PDF (X.-J. Wang lab page),exact_verified_transcription,equation_transcribed,2026-08-24,,,,cns.nyu.edu wanglab publication PDF,1996-10-15,2026-08-24,not_verified,,,,
wb1996_synaptic_gating,wang_buzsaki_1996_gamma,equations/models/wang_buzsaki_1996_gamma.md,synaptic current and first-order gating with sigmoid release,"Methods, equation (2.4)",author-hosted full text PDF (X.-J. Wang lab page),exact_verified_transcription,equation_transcribed,2026-08-24,,,,cns.nyu.edu wanglab publication PDF,1996-10-15,2026-08-24,not_verified,,,,
