model_id,parameter,meaning,units,value_or_range,provenance,status,last_verified
hodgkin_huxley_1952,C_M,membrane capacitance per area,microfarad per square centimetre,parameters_incomplete,p. 518 equation (26) and Table 3,parameters_incomplete,2026-07-22
hodgkin_huxley_1952,gbar_K,maximal potassium conductance density,millimho per square centimetre,parameters_incomplete,p. 518 equation (26) and Table 3,parameters_incomplete,2026-07-22
hodgkin_huxley_1952,gbar_Na,maximal sodium conductance density,millimho per square centimetre,parameters_incomplete,p. 518 equation (26) and Table 3,parameters_incomplete,2026-07-22
hodgkin_huxley_1952,g_l,leak conductance density,millimho per square centimetre,parameters_incomplete,p. 518 equation (26) and Table 3,parameters_incomplete,2026-07-22
izhikevich_2003,a,recovery time-scale parameter,dimensionless in source convention,0.02 typical,p. 1569,source_verified,2026-07-22
izhikevich_2003,b,recovery sensitivity parameter,dimensionless in source convention,0.2 typical,p. 1569,source_verified,2026-07-22
izhikevich_2003,c,post-spike voltage reset,mV,-65 typical,p. 1569,source_verified,2026-07-22
izhikevich_2003,d,post-spike recovery increment,dimensionless in source convention,2 typical,p. 1570,source_verified,2026-07-22
de_pitta_2009_gchi,v_ER,SERCA pump-rate scale,source rate units,parameters_incomplete,preprint equations (1) and (5); parameter table pending,parameters_incomplete,2026-07-22
de_pitta_2009_gchi,v_beta,PLC-beta production-rate scale,source rate units,parameters_incomplete,preprint equations (15) and (19); parameter table pending,parameters_incomplete,2026-07-22
de_pitta_2009_gchi,v_delta,PLC-delta production-rate scale,source rate units,parameters_incomplete,preprint equations (7) (8) and (20); parameter table pending,parameters_incomplete,2026-07-22
wilson_cowan_1972,tau_E,excitatory population time constant,source convention,parameters_incomplete,"article p. 8, equations (7)-(8)",parameters_incomplete,2026-07-23
wilson_cowan_1972,tau_I,inhibitory population time constant,source convention,parameters_incomplete,"article p. 8, equations (7)-(8)",parameters_incomplete,2026-07-23
wilson_cowan_1972,r_E,excitatory refractory activity factor,source convention,parameters_incomplete,"article p. 8, equations (7)-(8)",parameters_incomplete,2026-07-23
wilson_cowan_1972,r_I,inhibitory refractory activity factor,source convention,parameters_incomplete,"article p. 8, equations (7)-(8)",parameters_incomplete,2026-07-23
wilson_cowan_1972,k_E,excitatory coarse-graining scale factor,source convention,parameters_incomplete,"article p. 8, equations (7)-(8)",parameters_incomplete,2026-07-23
wilson_cowan_1972,k_I,inhibitory coarse-graining scale factor,source convention,parameters_incomplete,"article p. 8, equations (7)-(8)",parameters_incomplete,2026-07-23
wilson_cowan_1972,c_1,excitatory-to-excitatory coupling coefficient,source convention,parameters_incomplete,"article p. 8, equations (7)-(8)",parameters_incomplete,2026-07-23
wilson_cowan_1972,c_2,inhibitory-to-excitatory coupling coefficient,source convention,parameters_incomplete,"article p. 8, equations (7)-(8)",parameters_incomplete,2026-07-23
wilson_cowan_1972,c_3,excitatory-to-inhibitory coupling coefficient,source convention,parameters_incomplete,"article p. 8, equations (7)-(8)",parameters_incomplete,2026-07-23
wilson_cowan_1972,c_4,inhibitory-to-inhibitory coupling coefficient,source convention,parameters_incomplete,"article p. 8, equations (7)-(8)",parameters_incomplete,2026-07-23
montbrio_pazo_roxin_2015,Delta,half-width of the Lorentzian excitability distribution,source nondimensional convention,parameters_incomplete,"arXiv:1506.06581v1, Section II.B, equations (12a)-(12b)",parameters_incomplete,2026-07-23
montbrio_pazo_roxin_2015,eta_bar,center of the excitability distribution,source nondimensional convention,parameters_incomplete,"arXiv:1506.06581v1, Section II.B, equations (12a)-(12b)",parameters_incomplete,2026-07-23
montbrio_pazo_roxin_2015,J,mean-field coupling strength,source nondimensional convention,parameters_incomplete,"arXiv:1506.06581v1, Section II.B, equations (12a)-(12b)",parameters_incomplete,2026-07-23
halnes_2013_electrodiffusive_astrocyte,D_k,diffusion constant of species k in dilute solution,m^2/s,parameters_incomplete,"Model section, equation (4)",parameters_incomplete,2026-08-24
halnes_2013_electrodiffusive_astrocyte,lambda_n,tortuosity factor of domain n,dimensionless,parameters_incomplete,"Model section, equation (4)",parameters_incomplete,2026-08-24
halnes_2013_electrodiffusive_astrocyte,z_k,valence of ion species k,dimensionless,parameters_incomplete,"Model section, equation (4)",parameters_incomplete,2026-08-24
halnes_2013_electrodiffusive_astrocyte,psi,"thermal voltage, psi = RT/F",volt,parameters_incomplete,"Model section, equation (4) and source definition of psi",parameters_incomplete,2026-08-24
halnes_2013_electrodiffusive_astrocyte,f_closure,"membrane-mechanism closure function (channels, pumps, cotransporters)",source convention,parameters_incomplete,"Model section, equation (5)",parameters_incomplete,2026-08-24
polykretis_2018_neural_astrocytic_network,v_bal,maximal rate of Calcium depletion,micromolar/second,0.5,"Methods, equation (2)",registered,2026-08-24
polykretis_2018_neural_astrocytic_network,K_bal,Calcium affinity of the balancing mechanism,micromolar,2,"Methods, equation (2)",registered,2026-08-24
polykretis_2018_neural_astrocytic_network,k1,Ryanodine-receptor constant,source convention,parameters_incomplete,"Methods, equation (5); fit to Bezprozvany et al. data",parameters_incomplete,2026-08-24
polykretis_2018_neural_astrocytic_network,k2,Ryanodine-receptor constant,source convention,parameters_incomplete,"Methods, equation (5); fit to Bezprozvany et al. data",parameters_incomplete,2026-08-24
polykretis_2018_neural_astrocytic_network,K_d,Ryanodine-receptor dissociation constant,source convention,parameters_incomplete,"Methods, equation (5); fit to Bezprozvany et al. data",parameters_incomplete,2026-08-24
polykretis_2018_neural_astrocytic_network,astro_amplitude,SIC amplitude coefficient,microampere/cm^2,2.11,"Methods, equation (6)",registered,2026-08-24
polykretis_2018_neural_astrocytic_network,calcium_offset,Calcium offset in w,nanomolar,196.11,"Methods, equation (7)",registered,2026-08-24
polykretis_2018_neural_astrocytic_network,tau_SIC_rise,SIC rise time constant,millisecond,50,"Methods, equation (8)",registered,2026-08-24
polykretis_2018_neural_astrocytic_network,tau_SIC_decay,SIC decay time constant,millisecond,300,"Methods, equation (8)",registered,2026-08-24
polykretis_2018_neural_astrocytic_network,n_norm,biexponential normalization constant,dimensionless,6*6^0.2/5,"Methods, equation (8)",registered,2026-08-24
polykretis_2018_neural_astrocytic_network,R_lif,LIF membrane resistance,gigaohm,0.6,"Methods, postsynaptic neuron description",registered,2026-08-24
polykretis_2018_neural_astrocytic_network,C_lif,LIF membrane capacitance,picofarad,100,"Methods, postsynaptic neuron description",registered,2026-08-24
hopfield_1982,U_i,neuron thresholds,dimensionless,0 unless otherwise stated,"p. 2555, after equation [1]",registered,2026-08-24
hopfield_1982,T_ii,self-coupling constraint,dimensionless,0,"p. 2555, after equation [2]",registered,2026-08-24
hopfield_1982,capacity,simultaneously remembered states before severe recall error,dimensionless,about 0.15 N (empirical),"p. 2556, simulation summary",registered,2026-08-24
wang_buzsaki_1996_gamma,C_m,specific membrane capacitance,microfarad/cm^2,1,"Methods, equation (2.1)",registered,2026-08-24
wang_buzsaki_1996_gamma,g_L,leak conductance,millisiemens/cm^2,0.1,"Methods, after equation (2.1)",registered,2026-08-24
wang_buzsaki_1996_gamma,E_L,leak reversal potential,millivolt,-65,"Methods, after equation (2.1)",registered,2026-08-24
wang_buzsaki_1996_gamma,g_Na,sodium conductance,millisiemens/cm^2,35,"Methods, after equation (2.2)",registered,2026-08-24
wang_buzsaki_1996_gamma,E_Na,sodium reversal potential,millivolt,55,"Methods, after equation (2.2)",registered,2026-08-24
wang_buzsaki_1996_gamma,phi,temperature factor for gating kinetics,dimensionless,5,"Methods, after equation (2.2)",registered,2026-08-24
wang_buzsaki_1996_gamma,g_K,potassium conductance,millisiemens/cm^2,9,"Methods, after equation (2.3)",registered,2026-08-24
wang_buzsaki_1996_gamma,E_K,potassium reversal potential,millivolt,-90,"Methods, after equation (2.3)",registered,2026-08-24
wang_buzsaki_1996_gamma,g_syn,maximal synaptic conductance,millisiemens/cm^2,0.1 (typical),"Methods, Model synapse paragraph",registered,2026-08-24
wang_buzsaki_1996_gamma,E_syn,synaptic reversal potential,millivolt,-75,"Methods, Model synapse paragraph",registered,2026-08-24
wang_buzsaki_1996_gamma,alpha_syn,channel opening rate,1/millisecond,12,"Methods, page 6404",registered,2026-08-24
wang_buzsaki_1996_gamma,beta_syn,channel closing rate (tau_syn = 1/beta),1/millisecond,0.1 (tau_syn = 10),"Methods, page 6404",registered,2026-08-24
wang_buzsaki_1996_gamma,theta_syn,sigmoid threshold for transmitter release,millivolt,0,"Methods, Model synapse paragraph",registered,2026-08-24
wang_buzsaki_1996_gamma,M_syn,average synaptic contacts per neuron,dimensionless,varied; about 60 needed for gamma band,"Methods, Random network connectivity; Discussion",registered,2026-08-24
wang_buzsaki_1996_gamma,N_cells,number of cells in the network,dimensionless,varied (e.g. 30-100),"Methods, Random network connectivity",registered,2026-08-24
