model_id,symbol,meaning,units,source_status,source_locator,last_verified
hodgkin_huxley_1952,V,membrane potential displacement from rest,mV,source_verified,pp. 505 and 518-519,2026-07-22
hodgkin_huxley_1952,I,total membrane current density,microampere per square centimetre,source_verified,p. 505,2026-07-22
hodgkin_huxley_1952,m,sodium activation gate,dimensionless,source_verified,pp. 518-519,2026-07-22
hodgkin_huxley_1952,h,sodium inactivation gate,dimensionless,source_verified,pp. 518-519,2026-07-22
hodgkin_huxley_1952,n,potassium activation gate,dimensionless,source_verified,pp. 507 and 518-519,2026-07-22
izhikevich_2003,v,membrane potential,mV scale,source_verified,p. 1569,2026-07-22
izhikevich_2003,u,membrane recovery variable,source convention,source_verified,p. 1569,2026-07-22
izhikevich_2003,I,synaptic or injected current,source convention,source_verified,p. 1569,2026-07-22
de_pitta_2009_gchi,C,cytosolic calcium concentration,micromolar,source_verified,preprint pp. 6-8,2026-07-22
de_pitta_2009_gchi,h,IP3 receptor inactivation variable,dimensionless,source_verified,preprint p. 8,2026-07-22
de_pitta_2009_gchi,I,intracellular IP3 concentration,micromolar,source_verified,preprint pp. 7-8,2026-07-22
de_pitta_2009_gchi,gamma,extracellular glutamate concentration,micromolar,source_verified,preprint pp. 15-18,2026-07-22
wilson_cowan_1972,E,coarse-grained excitatory population activity,source activity convention,source_verified,"article p. 8, equation (7)",2026-07-23
wilson_cowan_1972,I,coarse-grained inhibitory population activity,source activity convention,source_verified,"article p. 8, equation (8)",2026-07-23
montbrio_pazo_roxin_2015,r,population firing rate,inverse source time,source_verified,"arXiv:1506.06581v1, Section II.B, equation (12a)",2026-07-23
montbrio_pazo_roxin_2015,v,population mean membrane potential,source voltage convention,source_verified,"arXiv:1506.06581v1, Section II.B, equation (12b)",2026-07-23
halnes_2013_electrodiffusive_astrocyte,c_{kn},"concentration of ion species k in domain n (n in {I,E})",mol/m^3,source_verified,"Model section, equations (2)-(4)",2026-08-24
halnes_2013_electrodiffusive_astrocyte,j_{kM},"transmembrane flux density of species k, positive from I to E",mol/(m^2 s),source_verified,"Model section, equations (1) and (5)",2026-08-24
halnes_2013_electrodiffusive_astrocyte,j_{kn},axial flux density of species k in domain n,mol/(m^2 s),source_verified,"Model section, equations (2)-(4)",2026-08-24
halnes_2013_electrodiffusive_astrocyte,v_n,electric potential in domain n,volt,source_verified,"Model section, equation (4)",2026-08-24
halnes_2013_electrodiffusive_astrocyte,v_M,"membrane potential, defined as v_I - v_E",volt,source_verified,"Model section, equation (5) and source definition of v_M",2026-08-24
halnes_2013_electrodiffusive_astrocyte,x,position along the one-dimensional cable,metre,source_verified,"Model section, equation (1)",2026-08-24
halnes_2013_electrodiffusive_astrocyte,t,time,second,source_verified,"Model section, equation (1)",2026-08-24
halnes_2013_electrodiffusive_astrocyte,O_M,membrane area per tissue volume,1/metre,source_verified,"Model section, equation (1) and Figure 1",2026-08-24
halnes_2013_electrodiffusive_astrocyte,a_I,tissue volume fraction of the intracellular I-domain,dimensionless,source_verified,"Model section, equation (1)",2026-08-24
halnes_2013_electrodiffusive_astrocyte,a_E,tissue volume fraction of the extracellular E-domain,dimensionless,source_verified,"Model section, equation (3)",2026-08-24
halnes_2013_electrodiffusive_astrocyte,Delta x,segment length,metre,source_verified,"Model section, equation (1)",2026-08-24
halnes_2013_electrodiffusive_astrocyte,l,cable length,metre,source_verified,"Model section, equation (6)",2026-08-24
polykretis_2018_neural_astrocytic_network,I,IP3 concentration,source convention,source_verified,"Methods, equation (1)",2026-08-24
polykretis_2018_neural_astrocytic_network,I_beta,agonist-dependent IP3 production,source convention,source_verified,"Methods, equation (1)",2026-08-24
polykretis_2018_neural_astrocytic_network,I_delta,agonist-independent IP3 production,source convention,source_verified,"Methods, equation (1)",2026-08-24
polykretis_2018_neural_astrocytic_network,I_3K,IP3 degradation by the first enzyme,source convention,source_verified,"Methods, equation (1)",2026-08-24
polykretis_2018_neural_astrocytic_network,I_5P,IP3 degradation by the second enzyme,source convention,source_verified,"Methods, equation (1)",2026-08-24
polykretis_2018_neural_astrocytic_network,C,intracellular Calcium concentration,micromolar,source_verified,"Methods, equations (2), (3), (5)",2026-08-24
polykretis_2018_neural_astrocytic_network,J_bal,Calcium-balancing Hill-form flux,micromolar/second,source_verified,"Methods, equation (2)",2026-08-24
polykretis_2018_neural_astrocytic_network,J_chan,cytosolic Calcium increase from ER release,source convention,source_verified,"Methods, equation (3)",2026-08-24
polykretis_2018_neural_astrocytic_network,J_leak,Calcium leakage from the ER,source convention,source_verified,"Methods, equation (3)",2026-08-24
polykretis_2018_neural_astrocytic_network,J_pump,SERCA uptake back into the ER,source convention,source_verified,"Methods, equation (3)",2026-08-24
polykretis_2018_neural_astrocytic_network,h,gating variable of ER-release channels,dimensionless,source_verified,"Methods, equation (4)",2026-08-24
polykretis_2018_neural_astrocytic_network,h_infty,steady-state value of h,dimensionless,source_verified,"Methods, equation (4)",2026-08-24
polykretis_2018_neural_astrocytic_network,tau_h,time constant of h,source convention,source_verified,"Methods, equation (4)",2026-08-24
polykretis_2018_neural_astrocytic_network,J_RyR,Ryanodine-receptor calcium release flux,source convention,source_verified,"Methods, equation (5)",2026-08-24
polykretis_2018_neural_astrocytic_network,C_ER,Calcium concentration in the ER,micromolar,source_verified,"Methods, equation (5)",2026-08-24
polykretis_2018_neural_astrocytic_network,I_astro,Calcium-dependent astrocytic output amplitude,microampere/cm^2,source_verified,"Methods, equation (6)",2026-08-24
polykretis_2018_neural_astrocytic_network,w,transformed astrocytic Calcium variable,dimensionless,source_verified,"Methods, equation (7)",2026-08-24
polykretis_2018_neural_astrocytic_network,Theta,Heaviside function,dimensionless,source_verified,"Methods, equation (6)",2026-08-24
polykretis_2018_neural_astrocytic_network,I_SIC,slow inward current,source convention,source_verified,"Methods, equation (8)",2026-08-24
polykretis_2018_neural_astrocytic_network,I_total,total current driving postsynaptic neurons,source convention,source_verified,"Methods, equation (9)",2026-08-24
polykretis_2018_neural_astrocytic_network,I_basal,basal presynaptic current,source convention,source_verified,"Methods, equation (9)",2026-08-24
polykretis_2018_neural_astrocytic_network,t,time since the last Calcium peak,source convention,source_verified,"Methods, equation (8)",2026-08-24
